,document_id,source_group,corpus_pack,file_name,file_extension,relative_path,absolute_path,file_size_bytes,last_modified_datetime,sha256_checksum,supported_file_type,extraction_method_hint,index_in_rag,ingest_status,notes
0,DOC_000001,client_data,client_data,data_room_index.csv,.csv,client_data/data_room_index.csv,/home/anurag_sarangi/projects/financial_forensic_tool/forensic_rag/client_data/data_room_index.csv,4868,2026-06-16 15:01:52,c0d2946abd340a183053a9dd67b61ec91ce79afdb7630ea1f8a2d4eb2fd36fd7,Yes,read_csv_table,No,pending,
1,DOC_000002,client_data,client_data,validation_ground_truth_findings.csv:Zone.Identifier,.identifier,client_data/validation_ground_truth_findings.csv:Zone.Identifier,/home/anurag_sarangi/projects/financial_forensic_tool/forensic_rag/client_data/validation_ground_truth_findings.csv:Zone.Identifier,25,2026-06-16 15:03:45,b952d24cf701bc4e7a7d21e1ae85c611824e80579a89836c0cb49b193446ccfe,No,unknown,No,pending,
2,DOC_000003,client_data,client_data,README.md,.md,client_data/README.md,/home/anurag_sarangi/projects/financial_forensic_tool/forensic_rag/client_data/README.md,944,2026-06-16 15:01:52,da9291ca310f8f4b25c216a55cd7ced58a965c18392456a75c95bde0d7da88c1,Yes,read_text_file,Yes,pending,
3,DOC_000004,client_data,client_data,README.md:Zone.Identifier,.identifier,client_data/README.md:Zone.Identifier,/home/anurag_sarangi/projects/financial_forensic_tool/forensic_rag/client_data/README.md:Zone.Identifier,25,2026-06-16 15:03:45,b952d24cf701bc4e7a7d21e1ae85c611824e80579a89836c0cb49b193446ccfe,No,unknown,No,pending,
4,DOC_000005,client_data,client_data,data_room_index.csv:Zone.Identifier,.identifier,client_data/data_room_index.csv:Zone.Identifier,/home/anurag_sarangi/projects/financial_forensic_tool/forensic_rag/client_data/data_room_index.csv:Zone.Identifier,25,2026-06-16 15:03:45,b952d24cf701bc4e7a7d21e1ae85c611824e80579a89836c0cb49b193446ccfe,No,unknown,No,pending,
5,DOC_000006,client_data,bank,__init__.py,.py,client_data/bank/__init__.py,/home/anurag_sarangi/projects/financial_forensic_tool/forensic_rag/client_data/bank/__init__.py,0,2026-06-16 14:29:56,e3b0c44298fc1c149afbf4c8996fb92427ae41e4649b934ca495991b7852b855,No,unknown,No,pending,
6,DOC_000007,client_data,bank,__init__.py:Zone.Identifier,.identifier,client_data/bank/__init__.py:Zone.Identifier,/home/anurag_sarangi/projects/financial_forensic_tool/forensic_rag/client_data/bank/__init__.py:Zone.Identifier,25,2026-06-16 15:04:34,b952d24cf701bc4e7a7d21e1ae85c611824e80579a89836c0cb49b193446ccfe,No,unknown,No,pending,
7,DOC_000008,client_data,bank,beneficiary_master.csv,.csv,client_data/bank/beneficiary_master.csv,/home/anurag_sarangi/projects/financial_forensic_tool/forensic_rag/client_data/bank/beneficiary_master.csv,571,2026-06-16 15:01:52,2f13454026854b6ed24b7d46307ed2a67c5bda812b6ca82adea9fdf95f013736,Yes,read_csv_table,No,pending,
8,DOC_000009,client_data,bank,loan_schedule.csv:Zone.Identifier,.identifier,client_data/bank/loan_schedule.csv:Zone.Identifier,/home/anurag_sarangi/projects/financial_forensic_tool/forensic_rag/client_data/bank/loan_schedule.csv:Zone.Identifier,25,2026-06-16 15:03:44,b952d24cf701bc4e7a7d21e1ae85c611824e80579a89836c0cb49b193446ccfe,No,unknown,No,pending,
9,DOC_000010,client_data,bank,loan_schedule.csv,.csv,client_data/bank/loan_schedule.csv,/home/anurag_sarangi/projects/financial_forensic_tool/forensic_rag/client_data/bank/loan_schedule.csv,403,2026-06-16 15:01:52,c3e200cd1dfb22dcecbf8859a943a1ddc4fb3635b905f65c2c3b4d187ff18375,Yes,read_csv_table,No,pending,
10,DOC_000011,client_data,bank,bank_reconciliation_Jun2025.csv,.csv,client_data/bank/bank_reconciliation_Jun2025.csv,/home/anurag_sarangi/projects/financial_forensic_tool/forensic_rag/client_data/bank/bank_reconciliation_Jun2025.csv,310,2026-06-16 15:01:52,a9e8297f87d5a855414106e6417cc9061676eec3a9cd59b1603bba41ce56c746,Yes,read_csv_table,No,pending,
11,DOC_000012,client_data,bank,bank_statement_Q2_2025.csv,.csv,client_data/bank/bank_statement_Q2_2025.csv,/home/anurag_sarangi/projects/financial_forensic_tool/forensic_rag/client_data/bank/bank_statement_Q2_2025.csv,4679,2026-06-16 15:01:52,674bc05053d4ffac4f6174ca3117378bcffef9c4e5b18646d95f4cf19489a3fb,Yes,read_csv_table,No,pending,
12,DOC_000013,client_data,bank,bank_reconciliation_Jun2025.csv:Zone.Identifier,.identifier,client_data/bank/bank_reconciliation_Jun2025.csv:Zone.Identifier,/home/anurag_sarangi/projects/financial_forensic_tool/forensic_rag/client_data/bank/bank_reconciliation_Jun2025.csv:Zone.Identifier,25,2026-06-16 15:03:44,b952d24cf701bc4e7a7d21e1ae85c611824e80579a89836c0cb49b193446ccfe,No,unknown,No,pending,
13,DOC_000014,client_data,bank,beneficiary_master.csv:Zone.Identifier,.identifier,client_data/bank/beneficiary_master.csv:Zone.Identifier,/home/anurag_sarangi/projects/financial_forensic_tool/forensic_rag/client_data/bank/beneficiary_master.csv:Zone.Identifier,25,2026-06-16 15:03:44,b952d24cf701bc4e7a7d21e1ae85c611824e80579a89836c0cb49b193446ccfe,No,unknown,No,pending,
14,DOC_000015,client_data,bank,bank_statement_Q2_2025.csv:Zone.Identifier,.identifier,client_data/bank/bank_statement_Q2_2025.csv:Zone.Identifier,/home/anurag_sarangi/projects/financial_forensic_tool/forensic_rag/client_data/bank/bank_statement_Q2_2025.csv:Zone.Identifier,25,2026-06-16 15:03:44,b952d24cf701bc4e7a7d21e1ae85c611824e80579a89836c0cb49b193446ccfe,No,unknown,No,pending,
15,DOC_000016,client_data,ownership,__init__.py,.py,client_data/ownership/__init__.py,/home/anurag_sarangi/projects/financial_forensic_tool/forensic_rag/client_data/ownership/__init__.py,0,2026-06-16 14:29:56,e3b0c44298fc1c149afbf4c8996fb92427ae41e4649b934ca495991b7852b855,No,unknown,No,pending,
16,DOC_000017,client_data,ownership,__init__.py:Zone.Identifier,.identifier,client_data/ownership/__init__.py:Zone.Identifier,/home/anurag_sarangi/projects/financial_forensic_tool/forensic_rag/client_data/ownership/__init__.py:Zone.Identifier,25,2026-06-16 15:04:21,b952d24cf701bc4e7a7d21e1ae85c611824e80579a89836c0cb49b193446ccfe,No,unknown,No,pending,
17,DOC_000018,client_data,ownership,delegation_of_authority.csv,.csv,client_data/ownership/delegation_of_authority.csv,/home/anurag_sarangi/projects/financial_forensic_tool/forensic_rag/client_data/ownership/delegation_of_authority.csv,484,2026-06-16 15:01:52,d4a3baf259f9ced7f39179af690eeaf6d19d119e2faa342b5362db9b169507d4,Yes,read_csv_table,No,pending,
18,DOC_000019,client_data,ownership,board_minutes_extracts.md:Zone.Identifier,.identifier,client_data/ownership/board_minutes_extracts.md:Zone.Identifier,/home/anurag_sarangi/projects/financial_forensic_tool/forensic_rag/client_data/ownership/board_minutes_extracts.md:Zone.Identifier,25,2026-06-16 15:03:44,b952d24cf701bc4e7a7d21e1ae85c611824e80579a89836c0cb49b193446ccfe,No,unknown,No,pending,
19,DOC_000020,client_data,ownership,director_key_person_register.csv:Zone.Identifier,.identifier,client_data/ownership/director_key_person_register.csv:Zone.Identifier,/home/anurag_sarangi/projects/financial_forensic_tool/forensic_rag/client_data/ownership/director_key_person_register.csv:Zone.Identifier,25,2026-06-16 15:03:44,b952d24cf701bc4e7a7d21e1ae85c611824e80579a89836c0cb49b193446ccfe,No,unknown,No,pending,
20,DOC_000021,client_data,ownership,current_org_chart.csv,.csv,client_data/ownership/current_org_chart.csv,/home/anurag_sarangi/projects/financial_forensic_tool/forensic_rag/client_data/ownership/current_org_chart.csv,287,2026-06-16 15:01:52,2aeea7cf1e3f6b9e602258087165ea49a3686344b1a4d8786a808eaa7d2b1cc5,Yes,read_csv_table,No,pending,
21,DOC_000022,client_data,ownership,current_org_chart.csv:Zone.Identifier,.identifier,client_data/ownership/current_org_chart.csv:Zone.Identifier,/home/anurag_sarangi/projects/financial_forensic_tool/forensic_rag/client_data/ownership/current_org_chart.csv:Zone.Identifier,25,2026-06-16 15:03:44,b952d24cf701bc4e7a7d21e1ae85c611824e80579a89836c0cb49b193446ccfe,No,unknown,No,pending,
22,DOC_000023,client_data,ownership,shareholder_register.csv,.csv,client_data/ownership/shareholder_register.csv,/home/anurag_sarangi/projects/financial_forensic_tool/forensic_rag/client_data/ownership/shareholder_register.csv,412,2026-06-16 15:01:52,1ca55664747e10ddbc23013ffdc32fd83a4c38dfeacfabc6a9c2a45409f668ed,Yes,read_csv_table,No,pending,
23,DOC_000024,client_data,ownership,board_minutes_extracts.md,.md,client_data/ownership/board_minutes_extracts.md,/home/anurag_sarangi/projects/financial_forensic_tool/forensic_rag/client_data/ownership/board_minutes_extracts.md,537,2026-06-16 15:01:52,9a7a5e2ad9dddc1557b921b4c7701ed5f2780a08f93c7bc2685f54b1de7de6df,Yes,read_text_file,Yes,pending,
24,DOC_000025,client_data,ownership,shareholder_register.csv:Zone.Identifier,.identifier,client_data/ownership/shareholder_register.csv:Zone.Identifier,/home/anurag_sarangi/projects/financial_forensic_tool/forensic_rag/client_data/ownership/shareholder_register.csv:Zone.Identifier,25,2026-06-16 15:03:44,b952d24cf701bc4e7a7d21e1ae85c611824e80579a89836c0cb49b193446ccfe,No,unknown,No,pending,
25,DOC_000026,client_data,ownership,delegation_of_authority.csv:Zone.Identifier,.identifier,client_data/ownership/delegation_of_authority.csv:Zone.Identifier,/home/anurag_sarangi/projects/financial_forensic_tool/forensic_rag/client_data/ownership/delegation_of_authority.csv:Zone.Identifier,25,2026-06-16 15:03:44,b952d24cf701bc4e7a7d21e1ae85c611824e80579a89836c0cb49b193446ccfe,No,unknown,No,pending,
26,DOC_000027,client_data,ownership,director_key_person_register.csv,.csv,client_data/ownership/director_key_person_register.csv,/home/anurag_sarangi/projects/financial_forensic_tool/forensic_rag/client_data/ownership/director_key_person_register.csv,509,2026-06-16 15:01:52,b5797147836925904ece4fe6ca39959d86095f7876cd3ced50c60aab4d93073e,Yes,read_csv_table,No,pending,
27,DOC_000028,client_data,ownership,ubo_declarations.md:Zone.Identifier,.identifier,client_data/ownership/ubo_declarations.md:Zone.Identifier,/home/anurag_sarangi/projects/financial_forensic_tool/forensic_rag/client_data/ownership/ubo_declarations.md:Zone.Identifier,25,2026-06-16 15:03:45,b952d24cf701bc4e7a7d21e1ae85c611824e80579a89836c0cb49b193446ccfe,No,unknown,No,pending,
28,DOC_000029,client_data,ownership,ubo_declarations.md,.md,client_data/ownership/ubo_declarations.md,/home/anurag_sarangi/projects/financial_forensic_tool/forensic_rag/client_data/ownership/ubo_declarations.md,473,2026-06-16 15:01:52,db8d5de4baac25df0e69e95e6e316590a98b88d74b90f47bc968011abb731f1f,Yes,read_text_file,Yes,pending,
29,DOC_000030,client_data,ap_ar,vendor_master.csv,.csv,client_data/ap_ar/vendor_master.csv,/home/anurag_sarangi/projects/financial_forensic_tool/forensic_rag/client_data/ap_ar/vendor_master.csv,813,2026-06-16 15:01:52,83d4c3b68edb68d4b9dbfecbf771b99df84204a06ed6ac90dd2fc698853bbb17,Yes,read_csv_table,No,pending,
30,DOC_000031,client_data,ap_ar,vendor_master.csv:Zone.Identifier,.identifier,client_data/ap_ar/vendor_master.csv:Zone.Identifier,/home/anurag_sarangi/projects/financial_forensic_tool/forensic_rag/client_data/ap_ar/vendor_master.csv:Zone.Identifier,25,2026-06-16 15:03:45,b952d24cf701bc4e7a7d21e1ae85c611824e80579a89836c0cb49b193446ccfe,No,unknown,No,pending,
31,DOC_000032,client_data,ap_ar,__init__.py,.py,client_data/ap_ar/__init__.py,/home/anurag_sarangi/projects/financial_forensic_tool/forensic_rag/client_data/ap_ar/__init__.py,0,2026-06-16 14:29:56,e3b0c44298fc1c149afbf4c8996fb92427ae41e4649b934ca495991b7852b855,No,unknown,No,pending,
32,DOC_000033,client_data,ap_ar,sales_invoice_register_Q2_2025.csv:Zone.Identifier,.identifier,client_data/ap_ar/sales_invoice_register_Q2_2025.csv:Zone.Identifier,/home/anurag_sarangi/projects/financial_forensic_tool/forensic_rag/client_data/ap_ar/sales_invoice_register_Q2_2025.csv:Zone.Identifier,25,2026-06-16 15:03:45,b952d24cf701bc4e7a7d21e1ae85c611824e80579a89836c0cb49b193446ccfe,No,unknown,No,pending,
33,DOC_000034,client_data,ap_ar,__init__.py:Zone.Identifier,.identifier,client_data/ap_ar/__init__.py:Zone.Identifier,/home/anurag_sarangi/projects/financial_forensic_tool/forensic_rag/client_data/ap_ar/__init__.py:Zone.Identifier,25,2026-06-16 15:04:00,b952d24cf701bc4e7a7d21e1ae85c611824e80579a89836c0cb49b193446ccfe,No,unknown,No,pending,
34,DOC_000035,client_data,ap_ar,customer_master.csv:Zone.Identifier,.identifier,client_data/ap_ar/customer_master.csv:Zone.Identifier,/home/anurag_sarangi/projects/financial_forensic_tool/forensic_rag/client_data/ap_ar/customer_master.csv:Zone.Identifier,25,2026-06-16 15:03:45,b952d24cf701bc4e7a7d21e1ae85c611824e80579a89836c0cb49b193446ccfe,No,unknown,No,pending,
35,DOC_000036,client_data,ap_ar,accounts_payable_ledger_Q2_2025.csv,.csv,client_data/ap_ar/accounts_payable_ledger_Q2_2025.csv,/home/anurag_sarangi/projects/financial_forensic_tool/forensic_rag/client_data/ap_ar/accounts_payable_ledger_Q2_2025.csv,3344,2026-06-16 15:01:52,bdc9bd1d35a18d1463633f0f879be36995c820cafb8eb7cad1ccd19f44fe3069,Yes,read_csv_table,No,pending,
36,DOC_000037,client_data,ap_ar,sales_invoice_register_Q2_2025.csv,.csv,client_data/ap_ar/sales_invoice_register_Q2_2025.csv,/home/anurag_sarangi/projects/financial_forensic_tool/forensic_rag/client_data/ap_ar/sales_invoice_register_Q2_2025.csv,712,2026-06-16 15:01:52,a4b826ca87948ee5a32463ff2119d7a04bbc8e77b1691292846c149f5b33b4d9,Yes,read_csv_table,No,pending,
37,DOC_000038,client_data,ap_ar,customer_master.csv,.csv,client_data/ap_ar/customer_master.csv,/home/anurag_sarangi/projects/financial_forensic_tool/forensic_rag/client_data/ap_ar/customer_master.csv,552,2026-06-16 15:01:52,9c548747ba378c941589fac0094b1d41f120e89dc53ce8d20ad87738c1fb1a39,Yes,read_csv_table,No,pending,
38,DOC_000039,client_data,ap_ar,credit_notes_Q2_2025.csv,.csv,client_data/ap_ar/credit_notes_Q2_2025.csv,/home/anurag_sarangi/projects/financial_forensic_tool/forensic_rag/client_data/ap_ar/credit_notes_Q2_2025.csv,403,2026-06-16 15:01:52,40df9d5f43c594b91a6eb658381ea8554d8a70dcfbd499ab22047e507280b820,Yes,read_csv_table,No,pending,
39,DOC_000040,client_data,ap_ar,payment_approvals_Q2_2025.csv,.csv,client_data/ap_ar/payment_approvals_Q2_2025.csv,/home/anurag_sarangi/projects/financial_forensic_tool/forensic_rag/client_data/ap_ar/payment_approvals_Q2_2025.csv,748,2026-06-16 15:01:52,3996190fca256a5591fb9c9039a387d11a0f2d00f8192c7a8b38f7e2cdc83e29,Yes,read_csv_table,No,pending,
40,DOC_000041,client_data,ap_ar,accounts_payable_ledger_Q2_2025.csv:Zone.Identifier,.identifier,client_data/ap_ar/accounts_payable_ledger_Q2_2025.csv:Zone.Identifier,/home/anurag_sarangi/projects/financial_forensic_tool/forensic_rag/client_data/ap_ar/accounts_payable_ledger_Q2_2025.csv:Zone.Identifier,25,2026-06-16 15:03:45,b952d24cf701bc4e7a7d21e1ae85c611824e80579a89836c0cb49b193446ccfe,No,unknown,No,pending,
41,DOC_000042,client_data,ap_ar,invoice_register_Q2_2025.csv,.csv,client_data/ap_ar/invoice_register_Q2_2025.csv,/home/anurag_sarangi/projects/financial_forensic_tool/forensic_rag/client_data/ap_ar/invoice_register_Q2_2025.csv,557,2026-06-16 15:01:52,1c77aaee0712daf64c3351e058a0a7ce92e17d8ee17ed180d0b39675ea6daa42,Yes,read_csv_table,No,pending,
42,DOC_000043,client_data,ap_ar,accounts_receivable_ledger_Jun2025.csv:Zone.Identifier,.identifier,client_data/ap_ar/accounts_receivable_ledger_Jun2025.csv:Zone.Identifier,/home/anurag_sarangi/projects/financial_forensic_tool/forensic_rag/client_data/ap_ar/accounts_receivable_ledger_Jun2025.csv:Zone.Identifier,25,2026-06-16 15:03:45,b952d24cf701bc4e7a7d21e1ae85c611824e80579a89836c0cb49b193446ccfe,No,unknown,No,pending,
43,DOC_000044,client_data,ap_ar,purchase_orders_Q2_2025.csv:Zone.Identifier,.identifier,client_data/ap_ar/purchase_orders_Q2_2025.csv:Zone.Identifier,/home/anurag_sarangi/projects/financial_forensic_tool/forensic_rag/client_data/ap_ar/purchase_orders_Q2_2025.csv:Zone.Identifier,25,2026-06-16 15:03:45,b952d24cf701bc4e7a7d21e1ae85c611824e80579a89836c0cb49b193446ccfe,No,unknown,No,pending,
44,DOC_000045,client_data,ap_ar,payment_approvals_Q2_2025.csv:Zone.Identifier,.identifier,client_data/ap_ar/payment_approvals_Q2_2025.csv:Zone.Identifier,/home/anurag_sarangi/projects/financial_forensic_tool/forensic_rag/client_data/ap_ar/payment_approvals_Q2_2025.csv:Zone.Identifier,25,2026-06-16 15:03:45,b952d24cf701bc4e7a7d21e1ae85c611824e80579a89836c0cb49b193446ccfe,No,unknown,No,pending,
45,DOC_000046,client_data,ap_ar,credit_notes_Q2_2025.csv:Zone.Identifier,.identifier,client_data/ap_ar/credit_notes_Q2_2025.csv:Zone.Identifier,/home/anurag_sarangi/projects/financial_forensic_tool/forensic_rag/client_data/ap_ar/credit_notes_Q2_2025.csv:Zone.Identifier,25,2026-06-16 15:03:45,b952d24cf701bc4e7a7d21e1ae85c611824e80579a89836c0cb49b193446ccfe,No,unknown,No,pending,
46,DOC_000047,client_data,ap_ar,invoice_register_Q2_2025.csv:Zone.Identifier,.identifier,client_data/ap_ar/invoice_register_Q2_2025.csv:Zone.Identifier,/home/anurag_sarangi/projects/financial_forensic_tool/forensic_rag/client_data/ap_ar/invoice_register_Q2_2025.csv:Zone.Identifier,25,2026-06-16 15:03:45,b952d24cf701bc4e7a7d21e1ae85c611824e80579a89836c0cb49b193446ccfe,No,unknown,No,pending,
47,DOC_000048,client_data,ap_ar,accounts_receivable_ledger_Jun2025.csv,.csv,client_data/ap_ar/accounts_receivable_ledger_Jun2025.csv,/home/anurag_sarangi/projects/financial_forensic_tool/forensic_rag/client_data/ap_ar/accounts_receivable_ledger_Jun2025.csv,407,2026-06-16 15:01:52,406313ccbbd1d368ee83ebb3fda29426c3923b21e1bf18220339a601555258d2,Yes,read_csv_table,No,pending,
48,DOC_000049,client_data,ap_ar,purchase_orders_Q2_2025.csv,.csv,client_data/ap_ar/purchase_orders_Q2_2025.csv,/home/anurag_sarangi/projects/financial_forensic_tool/forensic_rag/client_data/ap_ar/purchase_orders_Q2_2025.csv,425,2026-06-16 15:01:52,e8a53a505af5749ec40d2ff3dd2193f7ceff1c3f1cca060fb320ea9500564765,Yes,read_csv_table,No,pending,
49,DOC_000050,client_data,legal_regulatory,disclosed_record_register.csv,.csv,client_data/legal_regulatory/disclosed_record_register.csv,/home/anurag_sarangi/projects/financial_forensic_tool/forensic_rag/client_data/legal_regulatory/disclosed_record_register.csv,626,2026-06-16 15:01:52,a12100757c35e811932b7e1f71fcc64c8d74de0cbb2e663c0e687261671440ea,Yes,read_csv_table,No,pending,
50,DOC_000051,client_data,legal_regulatory,__init__.py,.py,client_data/legal_regulatory/__init__.py,/home/anurag_sarangi/projects/financial_forensic_tool/forensic_rag/client_data/legal_regulatory/__init__.py,0,2026-06-16 14:29:56,e3b0c44298fc1c149afbf4c8996fb92427ae41e4649b934ca495991b7852b855,No,unknown,No,pending,
51,DOC_000052,client_data,legal_regulatory,claims_register.csv,.csv,client_data/legal_regulatory/claims_register.csv,/home/anurag_sarangi/projects/financial_forensic_tool/forensic_rag/client_data/legal_regulatory/claims_register.csv,352,2026-06-16 15:01:52,a35bca04f13b01fd9d6fbb0cf73611db7dfa5655fdec04e43d4a7ff2fc2c30b5,Yes,read_csv_table,No,pending,
52,DOC_000053,client_data,legal_regulatory,__init__.py:Zone.Identifier,.identifier,client_data/legal_regulatory/__init__.py:Zone.Identifier,/home/anurag_sarangi/projects/financial_forensic_tool/forensic_rag/client_data/legal_regulatory/__init__.py:Zone.Identifier,25,2026-06-16 15:04:17,b952d24cf701bc4e7a7d21e1ae85c611824e80579a89836c0cb49b193446ccfe,No,unknown,No,pending,
53,DOC_000054,client_data,legal_regulatory,sanctions_screening_results.csv,.csv,client_data/legal_regulatory/sanctions_screening_results.csv,/home/anurag_sarangi/projects/financial_forensic_tool/forensic_rag/client_data/legal_regulatory/sanctions_screening_results.csv,569,2026-06-16 15:01:52,a7ee1182f774d0cd571bad981c815983b58797907d1cd387220bb932287b5929,Yes,read_csv_table,No,pending,
54,DOC_000055,client_data,legal_regulatory,licenses_permits.csv,.csv,client_data/legal_regulatory/licenses_permits.csv,/home/anurag_sarangi/projects/financial_forensic_tool/forensic_rag/client_data/legal_regulatory/licenses_permits.csv,337,2026-06-16 15:01:52,e9bd88c8615111d1bce5c5bf29695e46f45e7a64e0b4b5ccbbd8205283a3790c,Yes,read_csv_table,No,pending,
55,DOC_000056,client_data,legal_regulatory,disclosed_record_register.csv:Zone.Identifier,.identifier,client_data/legal_regulatory/disclosed_record_register.csv:Zone.Identifier,/home/anurag_sarangi/projects/financial_forensic_tool/forensic_rag/client_data/legal_regulatory/disclosed_record_register.csv:Zone.Identifier,25,2026-06-16 15:03:44,b952d24cf701bc4e7a7d21e1ae85c611824e80579a89836c0cb49b193446ccfe,No,unknown,No,pending,
56,DOC_000057,client_data,legal_regulatory,regulatory_correspondence.md,.md,client_data/legal_regulatory/regulatory_correspondence.md,/home/anurag_sarangi/projects/financial_forensic_tool/forensic_rag/client_data/legal_regulatory/regulatory_correspondence.md,480,2026-06-16 15:01:52,f7957df9e0a4f42dd97491fed306a61ea791af3a8ad89b90c4bbbdd04e5f829e,Yes,read_text_file,Yes,pending,
57,DOC_000058,client_data,legal_regulatory,litigation_memo.md,.md,client_data/legal_regulatory/litigation_memo.md,/home/anurag_sarangi/projects/financial_forensic_tool/forensic_rag/client_data/legal_regulatory/litigation_memo.md,475,2026-06-16 15:01:52,c9103e496421d88f768fab903931ae78d1440bf2950b04244243744b0139ef46,Yes,read_text_file,Yes,pending,
58,DOC_000059,client_data,legal_regulatory,claims_register.csv:Zone.Identifier,.identifier,client_data/legal_regulatory/claims_register.csv:Zone.Identifier,/home/anurag_sarangi/projects/financial_forensic_tool/forensic_rag/client_data/legal_regulatory/claims_register.csv:Zone.Identifier,25,2026-06-16 15:03:44,b952d24cf701bc4e7a7d21e1ae85c611824e80579a89836c0cb49b193446ccfe,No,unknown,No,pending,
59,DOC_000060,client_data,legal_regulatory,sanctions_screening_results.csv:Zone.Identifier,.identifier,client_data/legal_regulatory/sanctions_screening_results.csv:Zone.Identifier,/home/anurag_sarangi/projects/financial_forensic_tool/forensic_rag/client_data/legal_regulatory/sanctions_screening_results.csv:Zone.Identifier,25,2026-06-16 15:03:44,b952d24cf701bc4e7a7d21e1ae85c611824e80579a89836c0cb49b193446ccfe,No,unknown,No,pending,
60,DOC_000061,client_data,legal_regulatory,regulatory_correspondence.md:Zone.Identifier,.identifier,client_data/legal_regulatory/regulatory_correspondence.md:Zone.Identifier,/home/anurag_sarangi/projects/financial_forensic_tool/forensic_rag/client_data/legal_regulatory/regulatory_correspondence.md:Zone.Identifier,25,2026-06-16 15:03:44,b952d24cf701bc4e7a7d21e1ae85c611824e80579a89836c0cb49b193446ccfe,No,unknown,No,pending,
61,DOC_000062,client_data,legal_regulatory,litigation_memo.md:Zone.Identifier,.identifier,client_data/legal_regulatory/litigation_memo.md:Zone.Identifier,/home/anurag_sarangi/projects/financial_forensic_tool/forensic_rag/client_data/legal_regulatory/litigation_memo.md:Zone.Identifier,25,2026-06-16 15:03:44,b952d24cf701bc4e7a7d21e1ae85c611824e80579a89836c0cb49b193446ccfe,No,unknown,No,pending,
62,DOC_000063,client_data,legal_regulatory,licenses_permits.csv:Zone.Identifier,.identifier,client_data/legal_regulatory/licenses_permits.csv:Zone.Identifier,/home/anurag_sarangi/projects/financial_forensic_tool/forensic_rag/client_data/legal_regulatory/licenses_permits.csv:Zone.Identifier,25,2026-06-16 15:03:44,b952d24cf701bc4e7a7d21e1ae85c611824e80579a89836c0cb49b193446ccfe,No,unknown,No,pending,
63,DOC_000064,client_data,contracts,__init__.py,.py,client_data/contracts/__init__.py,/home/anurag_sarangi/projects/financial_forensic_tool/forensic_rag/client_data/contracts/__init__.py,0,2026-06-16 14:29:56,e3b0c44298fc1c149afbf4c8996fb92427ae41e4649b934ca495991b7852b855,No,unknown,No,pending,
64,DOC_000065,client_data,contracts,__init__.py:Zone.Identifier,.identifier,client_data/contracts/__init__.py:Zone.Identifier,/home/anurag_sarangi/projects/financial_forensic_tool/forensic_rag/client_data/contracts/__init__.py:Zone.Identifier,25,2026-06-16 15:04:08,b952d24cf701bc4e7a7d21e1ae85c611824e80579a89836c0cb49b193446ccfe,No,unknown,No,pending,
65,DOC_000066,client_data,contracts,lease_agreement_summary.md,.md,client_data/contracts/lease_agreement_summary.md,/home/anurag_sarangi/projects/financial_forensic_tool/forensic_rag/client_data/contracts/lease_agreement_summary.md,356,2026-06-16 15:01:52,6bf627de473b884ff17fae9fefb937c1425588f1a426e76d1dbef550b58b27d4,Yes,read_text_file,Yes,pending,
66,DOC_000067,client_data,contracts,side_letter_delta_retail.md:Zone.Identifier,.identifier,client_data/contracts/side_letter_delta_retail.md:Zone.Identifier,/home/anurag_sarangi/projects/financial_forensic_tool/forensic_rag/client_data/contracts/side_letter_delta_retail.md:Zone.Identifier,25,2026-06-16 15:03:44,b952d24cf701bc4e7a7d21e1ae85c611824e80579a89836c0cb49b193446ccfe,No,unknown,No,pending,
67,DOC_000068,client_data,contracts,side_letter_delta_retail.md,.md,client_data/contracts/side_letter_delta_retail.md,/home/anurag_sarangi/projects/financial_forensic_tool/forensic_rag/client_data/contracts/side_letter_delta_retail.md,497,2026-06-16 15:01:52,0449c7aacf2bd7f951ac34217f4e5f39aff0dcea6ac10650d243b8e946a963f6,Yes,read_text_file,Yes,pending,
68,DOC_000069,client_data,contracts,supplier_contract_summary.md:Zone.Identifier,.identifier,client_data/contracts/supplier_contract_summary.md:Zone.Identifier,/home/anurag_sarangi/projects/financial_forensic_tool/forensic_rag/client_data/contracts/supplier_contract_summary.md:Zone.Identifier,25,2026-06-16 15:03:44,b952d24cf701bc4e7a7d21e1ae85c611824e80579a89836c0cb49b193446ccfe,No,unknown,No,pending,
69,DOC_000070,client_data,contracts,supplier_contract_summary.md,.md,client_data/contracts/supplier_contract_summary.md,/home/anurag_sarangi/projects/financial_forensic_tool/forensic_rag/client_data/contracts/supplier_contract_summary.md,515,2026-06-16 15:01:52,6152c549e3e9e92667f4231028d7d6c0ea4f0b2928ba057d416637bfaa25f166,Yes,read_text_file,Yes,pending,
70,DOC_000071,client_data,contracts,customer_contract_summary.md,.md,client_data/contracts/customer_contract_summary.md,/home/anurag_sarangi/projects/financial_forensic_tool/forensic_rag/client_data/contracts/customer_contract_summary.md,780,2026-06-16 15:01:52,7c4fd3c8535cca13b1948c1669a080b0f5066b4458030c83a3bd6689ae6f73c7,Yes,read_text_file,Yes,pending,
71,DOC_000072,client_data,contracts,lease_agreement_summary.md:Zone.Identifier,.identifier,client_data/contracts/lease_agreement_summary.md:Zone.Identifier,/home/anurag_sarangi/projects/financial_forensic_tool/forensic_rag/client_data/contracts/lease_agreement_summary.md:Zone.Identifier,25,2026-06-16 15:03:44,b952d24cf701bc4e7a7d21e1ae85c611824e80579a89836c0cb49b193446ccfe,No,unknown,No,pending,
72,DOC_000073,client_data,contracts,customer_contract_summary.md:Zone.Identifier,.identifier,client_data/contracts/customer_contract_summary.md:Zone.Identifier,/home/anurag_sarangi/projects/financial_forensic_tool/forensic_rag/client_data/contracts/customer_contract_summary.md:Zone.Identifier,25,2026-06-16 15:03:44,b952d24cf701bc4e7a7d21e1ae85c611824e80579a89836c0cb49b193446ccfe,No,unknown,No,pending,
73,DOC_000074,client_data,financials,__init__.py,.py,client_data/financials/__init__.py,/home/anurag_sarangi/projects/financial_forensic_tool/forensic_rag/client_data/financials/__init__.py,0,2026-06-16 14:29:56,e3b0c44298fc1c149afbf4c8996fb92427ae41e4649b934ca495991b7852b855,No,unknown,No,pending,
74,DOC_000075,client_data,financials,__init__.py:Zone.Identifier,.identifier,client_data/financials/__init__.py:Zone.Identifier,/home/anurag_sarangi/projects/financial_forensic_tool/forensic_rag/client_data/financials/__init__.py:Zone.Identifier,25,2026-06-16 15:04:13,b952d24cf701bc4e7a7d21e1ae85c611824e80579a89836c0cb49b193446ccfe,No,unknown,No,pending,
75,DOC_000076,client_data,financials,management_accounts_Jan_Jun_2025.csv:Zone.Identifier,.identifier,client_data/financials/management_accounts_Jan_Jun_2025.csv:Zone.Identifier,/home/anurag_sarangi/projects/financial_forensic_tool/forensic_rag/client_data/financials/management_accounts_Jan_Jun_2025.csv:Zone.Identifier,25,2026-06-16 15:03:44,b952d24cf701bc4e7a7d21e1ae85c611824e80579a89836c0cb49b193446ccfe,No,unknown,No,pending,
76,DOC_000077,client_data,financials,chart_of_accounts.csv,.csv,client_data/financials/chart_of_accounts.csv,/home/anurag_sarangi/projects/financial_forensic_tool/forensic_rag/client_data/financials/chart_of_accounts.csv,679,2026-06-16 15:01:52,198dcaab65a51a527aeb23ff4289737b174960aae6e7f131c347012ac9fef1d0,Yes,read_csv_table,No,pending,
77,DOC_000078,client_data,financials,trial_balance_2025_06.csv:Zone.Identifier,.identifier,client_data/financials/trial_balance_2025_06.csv:Zone.Identifier,/home/anurag_sarangi/projects/financial_forensic_tool/forensic_rag/client_data/financials/trial_balance_2025_06.csv:Zone.Identifier,25,2026-06-16 15:03:44,b952d24cf701bc4e7a7d21e1ae85c611824e80579a89836c0cb49b193446ccfe,No,unknown,No,pending,
78,DOC_000079,client_data,financials,general_ledger_Q2_2025.csv:Zone.Identifier,.identifier,client_data/financials/general_ledger_Q2_2025.csv:Zone.Identifier,/home/anurag_sarangi/projects/financial_forensic_tool/forensic_rag/client_data/financials/general_ledger_Q2_2025.csv:Zone.Identifier,25,2026-06-16 15:03:44,b952d24cf701bc4e7a7d21e1ae85c611824e80579a89836c0cb49b193446ccfe,No,unknown,No,pending,
79,DOC_000080,client_data,financials,audited_financial_statements_FY2024.md,.md,client_data/financials/audited_financial_statements_FY2024.md,/home/anurag_sarangi/projects/financial_forensic_tool/forensic_rag/client_data/financials/audited_financial_statements_FY2024.md,932,2026-06-16 15:01:52,86685d17bce3d4b6d7f01dd151b430b731a37b7a06afc4e8c1532294ad160be7,Yes,read_text_file,Yes,pending,
80,DOC_000081,client_data,financials,chart_of_accounts.csv:Zone.Identifier,.identifier,client_data/financials/chart_of_accounts.csv:Zone.Identifier,/home/anurag_sarangi/projects/financial_forensic_tool/forensic_rag/client_data/financials/chart_of_accounts.csv:Zone.Identifier,25,2026-06-16 15:03:44,b952d24cf701bc4e7a7d21e1ae85c611824e80579a89836c0cb49b193446ccfe,No,unknown,No,pending,
81,DOC_000082,client_data,financials,management_accounts_Jan_Jun_2025.csv,.csv,client_data/financials/management_accounts_Jan_Jun_2025.csv,/home/anurag_sarangi/projects/financial_forensic_tool/forensic_rag/client_data/financials/management_accounts_Jan_Jun_2025.csv,465,2026-06-16 15:01:52,4c273d8c44310d9eeee38f8f5daeaa2220f60b785d4930c9461da9e4deb62cee,Yes,read_csv_table,No,pending,
82,DOC_000083,client_data,financials,audited_financial_statements_FY2024.md:Zone.Identifier,.identifier,client_data/financials/audited_financial_statements_FY2024.md:Zone.Identifier,/home/anurag_sarangi/projects/financial_forensic_tool/forensic_rag/client_data/financials/audited_financial_statements_FY2024.md:Zone.Identifier,25,2026-06-16 15:03:44,b952d24cf701bc4e7a7d21e1ae85c611824e80579a89836c0cb49b193446ccfe,No,unknown,No,pending,
83,DOC_000084,client_data,financials,general_ledger_Q2_2025.csv,.csv,client_data/financials/general_ledger_Q2_2025.csv,/home/anurag_sarangi/projects/financial_forensic_tool/forensic_rag/client_data/financials/general_ledger_Q2_2025.csv,7776,2026-06-16 15:01:52,464c6289d38d8de8e3586db43d60dc84d5a7327161ffccdfdc46edd1ba40be3a,Yes,read_csv_table,No,pending,
84,DOC_000085,client_data,financials,financial_ratios_summary.csv:Zone.Identifier,.identifier,client_data/financials/financial_ratios_summary.csv:Zone.Identifier,/home/anurag_sarangi/projects/financial_forensic_tool/forensic_rag/client_data/financials/financial_ratios_summary.csv:Zone.Identifier,25,2026-06-16 15:03:44,b952d24cf701bc4e7a7d21e1ae85c611824e80579a89836c0cb49b193446ccfe,No,unknown,No,pending,
85,DOC_000086,client_data,financials,financial_ratios_summary.csv,.csv,client_data/financials/financial_ratios_summary.csv,/home/anurag_sarangi/projects/financial_forensic_tool/forensic_rag/client_data/financials/financial_ratios_summary.csv,473,2026-06-16 15:01:52,a56022ce810535028c0969d54c1f3b20c7fbc5a0e628bb884dc18bea2122ad7c,Yes,read_csv_table,No,pending,
86,DOC_000087,client_data,financials,trial_balance_2025_06.csv,.csv,client_data/financials/trial_balance_2025_06.csv,/home/anurag_sarangi/projects/financial_forensic_tool/forensic_rag/client_data/financials/trial_balance_2025_06.csv,699,2026-06-16 15:01:52,4774322579e4bbd59f093f1e653a6f0fb285b728f2154a3651d20ccdc3689058,Yes,read_csv_table,No,pending,
87,DOC_000088,corpus_data,bahrain_context_03,__init__.py,.py,corpus/bahrain_context_03/__init__.py,/home/anurag_sarangi/projects/financial_forensic_tool/forensic_rag/corpus/bahrain_context_03/__init__.py,0,2026-06-16 14:29:56,e3b0c44298fc1c149afbf4c8996fb92427ae41e4649b934ca495991b7852b855,No,unknown,No,pending,
88,DOC_000089,corpus_data,bahrain_context_03,__init__.py:Zone.Identifier,.identifier,corpus/bahrain_context_03/__init__.py:Zone.Identifier,/home/anurag_sarangi/projects/financial_forensic_tool/forensic_rag/corpus/bahrain_context_03/__init__.py:Zone.Identifier,25,2026-06-16 14:36:58,b952d24cf701bc4e7a7d21e1ae85c611824e80579a89836c0cb49b193446ccfe,No,unknown,No,pending,
89,DOC_000090,corpus_data,bahrain_context_03,Procedures Guide for Establishments and Commercial Companies.pdf:Zone.Identifier,.identifier,corpus/bahrain_context_03/Procedures Guide for Establishments and Commercial Companies.pdf:Zone.Identifier,/home/anurag_sarangi/projects/financial_forensic_tool/forensic_rag/corpus/bahrain_context_03/Procedures Guide for Establishments and Commercial Companies.pdf:Zone.Identifier,25,2026-06-16 14:35:14,b952d24cf701bc4e7a7d21e1ae85c611824e80579a89836c0cb49b193446ccfe,No,unknown,No,pending,
90,DOC_000091,corpus_data,bahrain_context_03,Procedures Guide for Establishments and Commercial Companies.pdf,.pdf,corpus/bahrain_context_03/Procedures Guide for Establishments and Commercial Companies.pdf,/home/anurag_sarangi/projects/financial_forensic_tool/forensic_rag/corpus/bahrain_context_03/Procedures Guide for Establishments and Commercial Companies.pdf,380425,2026-06-16 05:34:19,850c8a590b8e6743bb3c386bcfc5592e7fd1a9ab582b1b5f00218847c03c9312,Yes,extract_pdf_text,Yes,pending,
91,DOC_000092,corpus_data,bahrain_context_03,Procedures Guide for Establishments and Commercial Companies.pdf:mshield,.pdf:mshield,corpus/bahrain_context_03/Procedures Guide for Establishments and Commercial Companies.pdf:mshield,/home/anurag_sarangi/projects/financial_forensic_tool/forensic_rag/corpus/bahrain_context_03/Procedures Guide for Establishments and Commercial Companies.pdf:mshield,236,2026-06-16 05:34:19,5016bd26ad92903e2a7414e0cce6a6739de7855ea619c5241d73ee00035a04ae,No,unknown,No,pending,
92,DOC_000093,corpus_data,aml_sanctions_04,Vol_6_Bahrain_Central_Bank_AML.pdf,.pdf,corpus/aml_sanctions_04/Vol_6_Bahrain_Central_Bank_AML.pdf,/home/anurag_sarangi/projects/financial_forensic_tool/forensic_rag/corpus/aml_sanctions_04/Vol_6_Bahrain_Central_Bank_AML.pdf,1387954,2026-06-16 05:29:53,ed45ad5595224e192748ccd4a299c19bf83d7aeec587976dc8624ec09b62a5d4,Yes,extract_pdf_text,Yes,pending,
93,DOC_000094,corpus_data,aml_sanctions_04,__init__.py,.py,corpus/aml_sanctions_04/__init__.py,/home/anurag_sarangi/projects/financial_forensic_tool/forensic_rag/corpus/aml_sanctions_04/__init__.py,0,2026-06-16 14:29:56,e3b0c44298fc1c149afbf4c8996fb92427ae41e4649b934ca495991b7852b855,No,unknown,No,pending,
94,DOC_000095,corpus_data,aml_sanctions_04,__init__.py:Zone.Identifier,.identifier,corpus/aml_sanctions_04/__init__.py:Zone.Identifier,/home/anurag_sarangi/projects/financial_forensic_tool/forensic_rag/corpus/aml_sanctions_04/__init__.py:Zone.Identifier,25,2026-06-16 14:37:02,b952d24cf701bc4e7a7d21e1ae85c611824e80579a89836c0cb49b193446ccfe,No,unknown,No,pending,
95,DOC_000096,corpus_data,aml_sanctions_04,Vol_6_Bahrain_Central_Bank_AML.pdf:mshield,.pdf:mshield,corpus/aml_sanctions_04/Vol_6_Bahrain_Central_Bank_AML.pdf:mshield,/home/anurag_sarangi/projects/financial_forensic_tool/forensic_rag/corpus/aml_sanctions_04/Vol_6_Bahrain_Central_Bank_AML.pdf:mshield,206,2026-06-16 05:29:53,6fce8f683bc74fb0090051b8bfcbb7ad4cdda8fd10f23126320a0dbcdc0ed9df,No,unknown,No,pending,
96,DOC_000097,corpus_data,aml_sanctions_04,Vol_6_Bahrain_Central_Bank_AML.pdf:Zone.Identifier,.identifier,corpus/aml_sanctions_04/Vol_6_Bahrain_Central_Bank_AML.pdf:Zone.Identifier,/home/anurag_sarangi/projects/financial_forensic_tool/forensic_rag/corpus/aml_sanctions_04/Vol_6_Bahrain_Central_Bank_AML.pdf:Zone.Identifier,25,2026-06-16 14:36:03,b952d24cf701bc4e7a7d21e1ae85c611824e80579a89836c0cb49b193446ccfe,No,unknown,No,pending,
97,DOC_000098,corpus_data,report_structure_05,report_structure_pack.md,.md,corpus/report_structure_05/report_structure_pack.md,/home/anurag_sarangi/projects/financial_forensic_tool/forensic_rag/corpus/report_structure_05/report_structure_pack.md,26955,2026-06-16 11:14:58,8f5cac7ff3a85fc1dc62e7e0c582521aa3683221ac4c0530ea588e5dd006ad4f,Yes,read_text_file,Yes,pending,
98,DOC_000099,corpus_data,report_structure_05,__init__.py,.py,corpus/report_structure_05/__init__.py,/home/anurag_sarangi/projects/financial_forensic_tool/forensic_rag/corpus/report_structure_05/__init__.py,0,2026-06-16 14:29:56,e3b0c44298fc1c149afbf4c8996fb92427ae41e4649b934ca495991b7852b855,No,unknown,No,pending,
99,DOC_000100,corpus_data,report_structure_05,__init__.py:Zone.Identifier,.identifier,corpus/report_structure_05/__init__.py:Zone.Identifier,/home/anurag_sarangi/projects/financial_forensic_tool/forensic_rag/corpus/report_structure_05/__init__.py:Zone.Identifier,25,2026-06-16 14:37:28,b952d24cf701bc4e7a7d21e1ae85c611824e80579a89836c0cb49b193446ccfe,No,unknown,No,pending,
100,DOC_000101,corpus_data,report_structure_05,report_structure_pack.md:Zone.Identifier,.identifier,corpus/report_structure_05/report_structure_pack.md:Zone.Identifier,/home/anurag_sarangi/projects/financial_forensic_tool/forensic_rag/corpus/report_structure_05/report_structure_pack.md:Zone.Identifier,25,2026-06-16 14:37:27,b952d24cf701bc4e7a7d21e1ae85c611824e80579a89836c0cb49b193446ccfe,No,unknown,No,pending,
101,DOC_000102,corpus_data,forensic_methodology_01,__init__.py,.py,corpus/forensic_methodology_01/__init__.py,/home/anurag_sarangi/projects/financial_forensic_tool/forensic_rag/corpus/forensic_methodology_01/__init__.py,0,2026-06-16 14:29:56,e3b0c44298fc1c149afbf4c8996fb92427ae41e4649b934ca495991b7852b855,No,unknown,No,pending,
102,DOC_000103,corpus_data,forensic_methodology_01,FATF Recommendations 2012.pdf.coredownload.inline.pdf.pdf:mshield,.pdf:mshield,corpus/forensic_methodology_01/FATF Recommendations 2012.pdf.coredownload.inline.pdf.pdf:mshield,/home/anurag_sarangi/projects/financial_forensic_tool/forensic_rag/corpus/forensic_methodology_01/FATF Recommendations 2012.pdf.coredownload.inline.pdf.pdf:mshield,229,2026-06-16 05:27:23,ee67aeda9cf4225f06c5f7269b4258c30d8061c478f5032fab863c236554ac62,No,unknown,No,pending,
103,DOC_000104,corpus_data,forensic_methodology_01,__init__.py:Zone.Identifier,.identifier,corpus/forensic_methodology_01/__init__.py:Zone.Identifier,/home/anurag_sarangi/projects/financial_forensic_tool/forensic_rag/corpus/forensic_methodology_01/__init__.py:Zone.Identifier,25,2026-06-16 14:31:21,b952d24cf701bc4e7a7d21e1ae85c611824e80579a89836c0cb49b193446ccfe,No,unknown,No,pending,
104,DOC_000105,corpus_data,forensic_methodology_01,FATF Recommendations 2012.pdf.coredownload.inline.pdf.pdf,.pdf,corpus/forensic_methodology_01/FATF Recommendations 2012.pdf.coredownload.inline.pdf.pdf,/home/anurag_sarangi/projects/financial_forensic_tool/forensic_rag/corpus/forensic_methodology_01/FATF Recommendations 2012.pdf.coredownload.inline.pdf.pdf,1483401,2026-06-16 05:27:23,ba862e1f095bceac22ab9a48863e6e8238016a2ebd61c71718febb5c29c285ab,Yes,extract_pdf_text,Yes,pending,
105,DOC_000106,corpus_data,forensic_methodology_01,ACFE_Fraud_Examiners_Manual.pdf,.pdf,corpus/forensic_methodology_01/ACFE_Fraud_Examiners_Manual.pdf,/home/anurag_sarangi/projects/financial_forensic_tool/forensic_rag/corpus/forensic_methodology_01/ACFE_Fraud_Examiners_Manual.pdf,1210218841,2026-06-16 15:03:14,5f07851376a28f093d07f962a6a610f893903c26f81ab1b99842680afb256aae,Yes,extract_pdf_text,Yes,pending,
106,DOC_000107,corpus_data,forensic_methodology_01,FATF Recommendations 2012.pdf.coredownload.inline.pdf.pdf:Zone.Identifier,.identifier,corpus/forensic_methodology_01/FATF Recommendations 2012.pdf.coredownload.inline.pdf.pdf:Zone.Identifier,/home/anurag_sarangi/projects/financial_forensic_tool/forensic_rag/corpus/forensic_methodology_01/FATF Recommendations 2012.pdf.coredownload.inline.pdf.pdf:Zone.Identifier,25,2026-06-16 14:35:38,b952d24cf701bc4e7a7d21e1ae85c611824e80579a89836c0cb49b193446ccfe,No,unknown,No,pending,
107,DOC_000108,corpus_data,internal_controls_02,__init__.py,.py,corpus/internal_controls_02/__init__.py,/home/anurag_sarangi/projects/financial_forensic_tool/forensic_rag/corpus/internal_controls_02/__init__.py,0,2026-06-16 14:29:56,e3b0c44298fc1c149afbf4c8996fb92427ae41e4649b934ca495991b7852b855,No,unknown,No,pending,
108,DOC_000109,corpus_data,internal_controls_02,__init__.py:Zone.Identifier,.identifier,corpus/internal_controls_02/__init__.py:Zone.Identifier,/home/anurag_sarangi/projects/financial_forensic_tool/forensic_rag/corpus/internal_controls_02/__init__.py:Zone.Identifier,25,2026-06-16 14:37:18,b952d24cf701bc4e7a7d21e1ae85c611824e80579a89836c0cb49b193446ccfe,No,unknown,No,pending,
109,DOC_000110,corpus_data,internal_controls_02,KPMG_2750-New-COSO-2013-Framework-WHITEPAPER-V4.pdf,.pdf,corpus/internal_controls_02/KPMG_2750-New-COSO-2013-Framework-WHITEPAPER-V4.pdf,/home/anurag_sarangi/projects/financial_forensic_tool/forensic_rag/corpus/internal_controls_02/KPMG_2750-New-COSO-2013-Framework-WHITEPAPER-V4.pdf,123853,2026-06-16 05:24:12,4526894fb8a2bd14d06ce02cea85d4b77d3418cbfd14e78fe0d113637fe3bdd5,Yes,extract_pdf_text,Yes,pending,
110,DOC_000111,corpus_data,internal_controls_02,KPMG_2750-New-COSO-2013-Framework-WHITEPAPER-V4.pdf:mshield,.pdf:mshield,corpus/internal_controls_02/KPMG_2750-New-COSO-2013-Framework-WHITEPAPER-V4.pdf:mshield,/home/anurag_sarangi/projects/financial_forensic_tool/forensic_rag/corpus/internal_controls_02/KPMG_2750-New-COSO-2013-Framework-WHITEPAPER-V4.pdf:mshield,223,2026-06-16 05:24:12,a650b66c5e34c1cb89bb425bc61196a060d770a401d7e424d3baf33a8bbc2501,No,unknown,No,pending,
111,DOC_000112,corpus_data,internal_controls_02,KPMG_2750-New-COSO-2013-Framework-WHITEPAPER-V4.pdf:Zone.Identifier,.identifier,corpus/internal_controls_02/KPMG_2750-New-COSO-2013-Framework-WHITEPAPER-V4.pdf:Zone.Identifier,/home/anurag_sarangi/projects/financial_forensic_tool/forensic_rag/corpus/internal_controls_02/KPMG_2750-New-COSO-2013-Framework-WHITEPAPER-V4.pdf:Zone.Identifier,25,2026-06-16 14:34:52,b952d24cf701bc4e7a7d21e1ae85c611824e80579a89836c0cb49b193446ccfe,No,unknown,No,pending,
112,DOC_000113,corpus_data,aml_sanctions_04,targets.simple.csv:Zone.Identifier,.identifier,corpus/aml_sanctions_04/UN_Sanctions_Data/targets.simple.csv:Zone.Identifier,/home/anurag_sarangi/projects/financial_forensic_tool/forensic_rag/corpus/aml_sanctions_04/UN_Sanctions_Data/targets.simple.csv:Zone.Identifier,25,2026-06-16 14:37:06,b952d24cf701bc4e7a7d21e1ae85c611824e80579a89836c0cb49b193446ccfe,No,unknown,No,pending,
113,DOC_000114,corpus_data,aml_sanctions_04,entities.ftm.json:Zone.Identifier,.identifier,corpus/aml_sanctions_04/UN_Sanctions_Data/entities.ftm.json:Zone.Identifier,/home/anurag_sarangi/projects/financial_forensic_tool/forensic_rag/corpus/aml_sanctions_04/UN_Sanctions_Data/entities.ftm.json:Zone.Identifier,25,2026-06-16 14:36:27,b952d24cf701bc4e7a7d21e1ae85c611824e80579a89836c0cb49b193446ccfe,No,unknown,No,pending,
114,DOC_000115,corpus_data,aml_sanctions_04,__init__.py,.py,corpus/aml_sanctions_04/UN_Sanctions_Data/__init__.py,/home/anurag_sarangi/projects/financial_forensic_tool/forensic_rag/corpus/aml_sanctions_04/UN_Sanctions_Data/__init__.py,0,2026-06-16 14:29:56,e3b0c44298fc1c149afbf4c8996fb92427ae41e4649b934ca495991b7852b855,No,unknown,No,pending,
115,DOC_000116,corpus_data,aml_sanctions_04,__init__.py:Zone.Identifier,.identifier,corpus/aml_sanctions_04/UN_Sanctions_Data/__init__.py:Zone.Identifier,/home/anurag_sarangi/projects/financial_forensic_tool/forensic_rag/corpus/aml_sanctions_04/UN_Sanctions_Data/__init__.py:Zone.Identifier,25,2026-06-16 14:37:06,b952d24cf701bc4e7a7d21e1ae85c611824e80579a89836c0cb49b193446ccfe,No,unknown,No,pending,
116,DOC_000117,corpus_data,aml_sanctions_04,targets.simple.csv,.csv,corpus/aml_sanctions_04/UN_Sanctions_Data/targets.simple.csv,/home/anurag_sarangi/projects/financial_forensic_tool/forensic_rag/corpus/aml_sanctions_04/UN_Sanctions_Data/targets.simple.csv,335828,2026-06-16 05:42:34,bb47393ff52f14243db350fbe14ecb1a815a4b4c5e58d3512956294ba378d1ad,Yes,read_csv_table,No,pending,
117,DOC_000118,corpus_data,aml_sanctions_04,targets.nested.json:mshield,.json:mshield,corpus/aml_sanctions_04/UN_Sanctions_Data/targets.nested.json:mshield,/home/anurag_sarangi/projects/financial_forensic_tool/forensic_rag/corpus/aml_sanctions_04/UN_Sanctions_Data/targets.nested.json:mshield,164,2026-06-16 05:42:23,55f59476990cc03712705ad7d842002acaf94e9133a74dbe10ef730999003c95,No,unknown,No,pending,
118,DOC_000119,corpus_data,aml_sanctions_04,source.xml:mshield,.xml:mshield,corpus/aml_sanctions_04/UN_Sanctions_Data/source.xml:mshield,/home/anurag_sarangi/projects/financial_forensic_tool/forensic_rag/corpus/aml_sanctions_04/UN_Sanctions_Data/source.xml:mshield,146,2026-06-16 05:42:01,67a58a10a532903a814383249a92845d2219863687ed914279b109401247d681,No,unknown,No,pending,
119,DOC_000120,corpus_data,aml_sanctions_04,entities.ftm.json,.json,corpus/aml_sanctions_04/UN_Sanctions_Data/entities.ftm.json,/home/anurag_sarangi/projects/financial_forensic_tool/forensic_rag/corpus/aml_sanctions_04/UN_Sanctions_Data/entities.ftm.json,3087253,2026-06-16 05:40:28,6857e33ceb4e378551ad2fee0caba663fd49951d8b1144a1cae91869f35733ce,No,read_json_file,Yes,pending,
120,DOC_000121,corpus_data,aml_sanctions_04,names.txt:mshield,.txt:mshield,corpus/aml_sanctions_04/UN_Sanctions_Data/names.txt:mshield,/home/anurag_sarangi/projects/financial_forensic_tool/forensic_rag/corpus/aml_sanctions_04/UN_Sanctions_Data/names.txt:mshield,184,2026-06-16 05:41:34,000ba02fae4a495b256064dca8395b29ea61bc322d6dd0117a9a157d284d2dcf,No,unknown,No,pending,
121,DOC_000122,corpus_data,aml_sanctions_04,entities.ftm.json:mshield,.json:mshield,corpus/aml_sanctions_04/UN_Sanctions_Data/entities.ftm.json:mshield,/home/anurag_sarangi/projects/financial_forensic_tool/forensic_rag/corpus/aml_sanctions_04/UN_Sanctions_Data/entities.ftm.json:mshield,160,2026-06-16 05:40:28,aecf3443f00f22d841511e6fa5a02073d985fc6cbfb189d72f7c290c2f02efff,No,unknown,No,pending,
122,DOC_000123,corpus_data,aml_sanctions_04,senzing.json:Zone.Identifier,.identifier,corpus/aml_sanctions_04/UN_Sanctions_Data/senzing.json:Zone.Identifier,/home/anurag_sarangi/projects/financial_forensic_tool/forensic_rag/corpus/aml_sanctions_04/UN_Sanctions_Data/senzing.json:Zone.Identifier,25,2026-06-16 14:36:31,b952d24cf701bc4e7a7d21e1ae85c611824e80579a89836c0cb49b193446ccfe,No,unknown,No,pending,
123,DOC_000124,corpus_data,aml_sanctions_04,targets.nested.json:Zone.Identifier,.identifier,corpus/aml_sanctions_04/UN_Sanctions_Data/targets.nested.json:Zone.Identifier,/home/anurag_sarangi/projects/financial_forensic_tool/forensic_rag/corpus/aml_sanctions_04/UN_Sanctions_Data/targets.nested.json:Zone.Identifier,25,2026-06-16 14:36:34,b952d24cf701bc4e7a7d21e1ae85c611824e80579a89836c0cb49b193446ccfe,No,unknown,No,pending,
124,DOC_000125,corpus_data,aml_sanctions_04,source.xml,.xml,corpus/aml_sanctions_04/UN_Sanctions_Data/source.xml,/home/anurag_sarangi/projects/financial_forensic_tool/forensic_rag/corpus/aml_sanctions_04/UN_Sanctions_Data/source.xml,2171560,2026-06-16 05:42:01,8f1956888e0470ab189863d920e68d986a4384c0044fdc0b87cc7702f6b6ff6f,No,unknown,No,pending,
125,DOC_000126,corpus_data,aml_sanctions_04,source.xml:Zone.Identifier,.identifier,corpus/aml_sanctions_04/UN_Sanctions_Data/source.xml:Zone.Identifier,/home/anurag_sarangi/projects/financial_forensic_tool/forensic_rag/corpus/aml_sanctions_04/UN_Sanctions_Data/source.xml:Zone.Identifier,25,2026-06-16 14:36:33,b952d24cf701bc4e7a7d21e1ae85c611824e80579a89836c0cb49b193446ccfe,No,unknown,No,pending,
126,DOC_000127,corpus_data,aml_sanctions_04,targets.nested.json,.json,corpus/aml_sanctions_04/UN_Sanctions_Data/targets.nested.json,/home/anurag_sarangi/projects/financial_forensic_tool/forensic_rag/corpus/aml_sanctions_04/UN_Sanctions_Data/targets.nested.json,3166950,2026-06-16 05:42:23,387aa6087699ec5929a7f82525c1db2556f971883b7e173d625a7ff2ed46eff2,No,read_json_file,Yes,pending,
127,DOC_000128,corpus_data,aml_sanctions_04,senzing.json:mshield,.json:mshield,corpus/aml_sanctions_04/UN_Sanctions_Data/senzing.json:mshield,/home/anurag_sarangi/projects/financial_forensic_tool/forensic_rag/corpus/aml_sanctions_04/UN_Sanctions_Data/senzing.json:mshield,150,2026-06-16 05:41:48,b01e835a42cb94d54e604aa60cddb68f127c7fb2d32aa93c0526a5e5480f68be,No,unknown,No,pending,
128,DOC_000129,corpus_data,aml_sanctions_04,senzing.json,.json,corpus/aml_sanctions_04/UN_Sanctions_Data/senzing.json,/home/anurag_sarangi/projects/financial_forensic_tool/forensic_rag/corpus/aml_sanctions_04/UN_Sanctions_Data/senzing.json,713786,2026-06-16 05:41:48,4f3191fb0573cf24522f9c6d19e354cdd3a671f0158cb1f04a348db5f10a642c,No,read_json_file,Yes,pending,
129,DOC_000130,corpus_data,aml_sanctions_04,targets.simple.csv:mshield,.csv:mshield,corpus/aml_sanctions_04/UN_Sanctions_Data/targets.simple.csv:mshield,/home/anurag_sarangi/projects/financial_forensic_tool/forensic_rag/corpus/aml_sanctions_04/UN_Sanctions_Data/targets.simple.csv:mshield,162,2026-06-16 05:42:34,a0381a91be259dfbace38864001648632f85ff84e875b94e9ec8bed5c1845c6b,No,unknown,No,pending,
130,DOC_000131,corpus_data,aml_sanctions_04,names.txt:Zone.Identifier,.identifier,corpus/aml_sanctions_04/UN_Sanctions_Data/names.txt:Zone.Identifier,/home/anurag_sarangi/projects/financial_forensic_tool/forensic_rag/corpus/aml_sanctions_04/UN_Sanctions_Data/names.txt:Zone.Identifier,25,2026-06-16 14:36:29,b952d24cf701bc4e7a7d21e1ae85c611824e80579a89836c0cb49b193446ccfe,No,unknown,No,pending,
131,DOC_000132,corpus_data,aml_sanctions_04,names.txt,.txt,corpus/aml_sanctions_04/UN_Sanctions_Data/names.txt,/home/anurag_sarangi/projects/financial_forensic_tool/forensic_rag/corpus/aml_sanctions_04/UN_Sanctions_Data/names.txt,95193,2026-06-16 05:41:34,9095ff38228538f39d65289cbf21d009697705b2ec7e3d0a42a3756ad9f8e653,Yes,read_text_file,Yes,pending,
